identifier,container_number,hazmat_sequence_number,hazmat_classification
201801011434,OOLU0361510,1,6.1
201801011434,OOLU1921748,1,6.1
201801011434,OOLU0361844,1,6.1
201801011434,OOLU1467825,1,6.1
201801011629,ZCSU2770485,1,6.1
201801011629,ZCSU2572577,1,6.1
201801011629,ZCSU2691323,1,6.1
201801019671,HOYU8310209,1,3 8
201801019675,HOYU8310235,1,3 8
2018010115907,OOLU4505111,4,8
2018010115992,YMLU4925039,1,2
2018010115992,YMLU5147913,1,2
2018010115992,TCKU4670927,1,2
2018010115992,YMMU4060129,1,2
2018010115992,TGHU5261494,1,2
2018010115992,TCKU4410426,1,2
2018010115992,YMLU4900806,1,2
2018010115992,SEGU5905937,1,2
2018010116006,BMOU9219774,1,3
2018010116006,BMOU9219774,2,2
2018010116006,BMOU9219774,3,3
2018010116006,BMOU9219774,4,2
2018010116006,BMOU9219774,5,3
2018010116529,BMOU9701852,1,3
2018010116529,BMOU9701852,2,2
2018010116529,BMOU9701852,3,2
2018010119724,TGHU0899296,1,3
2018010122003,HLBU1413641,2,3
2018010122181,YMLU8913946,1,2
2018010122186,YMLU8913946,1,3
2018010122188,YMLU8913946,1,2
2018010122190,YMLU8913946,1,3
2018010122192,YMLU8913946,1,2
2018010123737,FCIU2869591,4,8
2018010123737,FCIU2869591,5,6.1
2018010123740,FCIU2869591,4,8
2018010123740,FCIU2869591,5,6.1
2018010123741,NYKU9724813,1,8
2018010123743,NYKU9724813,1,8
2018010130917,NC,1,"ENGINE, INTERNAL COMBUSTION or"
2018010130921,KOSU2210895,1,"ENGINE, INTERNAL COMBUSTION or"
2018010130922,KOSU4508960,1,"ENGINE, INTERNAL COMBUSTION or"
2018010130923,NC,1,"ENGINE, INTERNAL COMBUSTION or"
2018010130923,NC,2,"ENGINE, INTERNAL COMBUSTION or"
2018010130924,NC,1,"ENGINE, INTERNAL COMBUSTION or"
2018010130927,KOSU4997687,1,"ENGINE, INTERNAL COMBUSTION or"
2018010130928,NC,1,"ENGINE, INTERNAL COMBUSTION or"
2018010130931,NC,1,"ENGINE, INTERNAL COMBUSTION or"
2018010130931,NC,2,"ENGINE, INTERNAL COMBUSTION or"
2018010130932,NC,1,"ENGINE, INTERNAL COMBUSTION or"
2018010130935,KOSU4973221,1,"ENGINE, INTERNAL COMBUSTION or"
2018010140569,CMAU4484464,1,"III, II"
2018010148861,SEFU4441761,1,FLAMMABLE LIQUID POWDERED
2018010149741,KOSU4950273,1,"ENGINE, INTERNAL COMBUSTION or"
2018010149742,KOSU4975435,1,"ENGINE, INTERNAL COMBUSTION or"
2018010149743,KOSU2215557,1,"ENGINE, INTERNAL COMBUSTION or"
2018010149744,KOSU2208603,1,"ENGINE, INTERNAL COMBUSTION or"
201801027191,TCLU1903961,1,8
201801027191,SZLU3600038,1,8
201801027576,BMOU5629770,3,(HEPTANOIC ACID)
201801027576,BMOU5629770,4,"(3,4-HEXANEDIONE)"
201801028794,UACU5644050,1,3
201801028794,UACU5644050,2,3
201801032180,KKTU8011977,1,8
201801033913,EURU5020118,1,2.3
201801033913,EURU5020139,1,2.3
2018010313814,SUDU7461847,1,3
2018010338337,INBU5455969,1,2
2018010338337,APZU4277991,1,2
2018010338337,APZU4350177,1,2
2018010338337,CRSU4001629,1,2
2018010340209,BMOU2884509,1,2
2018010352769,KKTU7841970,1,8
2018010352769,KKTU8047706,1,8
2018010352769,KKTU8232200,1,8
2018010352769,KKTU7697570,1,8
2018010352769,KKTU7962396,1,8
2018010353993,NYKU3588031,1,6.1
2018010361013,NYKU8425865,1,8
2018010371411,CGMU5232608,1,3
2018010371928,MSCU5623041,1,AEROSOLS LTD QTY DIMETHYLETHERISOBUTANEBUTANE
2018010375405,TTNU4257850,1,9
2018010375425,KKFU1511214,1,9
2018010382555,OOLU1440491,1,8
2018010393619,OOLU0254297,1,8
2018010396038,ICUU4860818,1,3
2018010396487,ICUU4860818,1,CHEMTREC 17035273887 III PAINT INCLUDING PAINT LA
2018010396487,ICUU4860818,2,CHEMTREC 17035273887 III PAINT RELATED MATERIAL IN
20180103102982,ICUU2143042,1,CHEMTREC 1 703 527 3887 II CYANURIC CHLORIDE
20180103103030,ICUU4140844,1,49 6201 708503 G I ALUMINIUM PHOSPHIDE
20180103103039,ICUU4085794,1,CHEMTREC 1 703 527 3887 G II SODIUM METHYLATE
20180103103061,ICUU9604531,1,III BUTYL ACETATES
20180103103066,ICUU4141033,1,1 336 632 7745 G III PESTICIDE SOLID TOXIC
20180103103079,ICUU2151618,1,1 336 632 7745 III ENVIRONMENTALLY HAZARDOUS
20180103103079,ICUU4153965,1,1 336 632 7745 III ENVIRONMENTALLY HAZARDOUS
20180103103129,ICUU9151306,1,18004249300 III CORROSIVE LIQUID N O S
20180103103129,ICUU9151306,2,18004249300 III POLYAMINES SOLID CORROSI
20180103103129,ICUU9151116,1,18004249300 II ADHESIVES CONTAINING FLAMMA
20180103103129,ICUU9151116,2,18004249300 II COATING SOLUTION INCLUDES
20180103103129,ICUU9151116,3,18004249300 II ISOPROPANOL SOLUTION
20180103103129,ICUU9151116,4,18004249300 II PAINT INCLUDING PAINT LAC
20180103103129,ICUU9151116,5,18004249300 III PAINT INCLUDING PAINT LA
20180103103129,ICUU9151116,6,18004249300 III ALCOHOLS N O S ISOPROPAN
20180103103129,ICUU9151116,7,18004249300 III HYDROCARBONS LIQUID N O
20180103103132,ICUU2150041,1,CHEMTREC 1 703 527 3887 III RESIN SOLUTION FLAMMABLE
20180103103135,ICUU8140082,1,CHEMTREC 1 703 527 3887 III ENVIRONMENTALLY HAZARDOUS
20180103103136,BSIU2886702,1,CHEMTREC 1 703 527 3887 III ENVIRONMENTALLY HAZARDOUS
20180103103136,BSIU2886702,2,CHEMTREC 1 703 527 3887 III ENVIRONMENTALLY HAZARDOUS
20180103103151,ICUU3131072,1,CHEMTREC 1 703 527 3887 II RESIN SOLUTION FLAMMABLE
20180103103152,CAIU2835124,1,CHEMTREC 1 703 527 3887 III RESIN SOLUTION FLAMMABLE
20180103103173,DRYU9128084,1,III CORROSIVE LIQUID BASIC I
20180103103203,BSIU2938175,1,G III CADMIUM COMPOUND CADMIU
20180103103241,ICUU4861012,1,II ADHESIVES CONTAINING FLAMMA
20180103103242,CAIU4136300,1,CHEMTREC 1 703 527 3887 II CORROSIVE SOLID N O S CO
20180103103242,CAIU4136300,2,CHEMTREC 1 703 527 3887 III ENVIRONMENTALLY HAZARDOUS
20180103103242,CAIU4136300,3,CHEMTREC 1 703 527 3887 III ENVIRONMENTALLY HAZARDOUS
20180103103272,CAIU8281879,1,II POTASSIUM HYDROXIDE SOLUTIO
20180103103272,CAIU8281879,2,III ETHANOLAMINE
20180103103604,BMOU9768711,1,1 703 527 3887 III ENVIRONMENTALLY HAZARDOUS
20180103103613,ICUU8140333,1,III ZINC CHLORIDE ANHYDROUS
20180103103631,ICUU2150458,1,1 703 527 3887 III ENVIRONMENTALLY HAZARDOUS
20180103106500,HLXU3531390,1,3
20180103106582,ICUU9605878,1,CHEMTREC 1 703 527 3887 III PAINT INCLUDING PAINT LA
20180103106582,ICUU9605878,2,CHEMTREC 1 703 527 3887 II PAINT INCLUDING PAINT LAC
20180103106582,ICUU9605878,3,CHEMTREC 1 703 527 3887 II PAINT INCLUDING PAINT LAC
20180103106582,ICUU9605878,4,CHEMTREC 1 703 527 3887 III POLYESTER RESIN KIT
20180103106589,CAIU2627666,1,1 336 632 7745 G II PYRETHROID PESTICIDE LIQ
20180103106601,ICUU9685174,1,001 713 8180018 III ENVIRONMENTALLY HAZARDOUS
20180103106608,ICUU4152737,1,44 1484 538444 III ENVIRONMENTALLY HAZARDOUS
20180103106609,BSIU2982537,1,G II FLAMMABLE SOLID ORGANIC
20180103106609,BSIU2982537,2,G II FLAMMABLE SOLID ORGANIC
20180103106614,CAIU8348592,1,1 609 744 2765 II FLAMMABLE LIQUID N O S E
20180103106614,CAIU8348592,2,1 609 744 2765 III ENVIRONMENTALLY HAZARDOUS
20180103106615,TCNU3435785,1,CHEMTREC 1 703 527 3887 III PAINT INCLUDING PAINT LA
20180103106615,TCNU3435785,2,CHEMTREC 1 703 527 3887 II PAINT INCLUDING PAINT LAC
20180103106615,TCNU3435785,3,CHEMTREC 1 703 527 3887 II PAINT INCLUDING PAINT LAC
20180103106615,TCNU3435785,4,CHEMTREC 1 703 527 3887 II PAINT INCLUDING PAINT LAC
20180103106615,TCNU3435785,5,CHEMTREC 1 703 527 3887 II PAINT INCLUDING PAINT LAC
20180103106615,TCNU3435785,6,CHEMTREC 1 703 527 3887 III POLYESTER RESIN KIT
20180103106618,ICUU8140230,1,III ENVIRONMENTALLY HAZARDOUS
20180103106632,CAIU8515513,1,G II FLAMMABLE SOLID ORGANIC
20180103106632,CAIU8515513,2,G II FLAMMABLE SOLID ORGANIC
20180103106657,BSIU9177376,1,44 1484 538444 III ENVIRONMENTALLY HAZARDOUS
20180103106658,ICUU9607818,1,44 1484 538444 III ENVIRONMENTALLY HAZARDOUS
20180103106659,ICUU4080880,1,1 703 527 3887 III PETROLEUM DISTILLATES N O
20180103106671,CAIU8516295,1,44 1484 538444 III ENVIRONMENTALLY HAZARDOUS
20180103106674,ICUU9152534,1,CHEMTREC 1 703 527 3887 II PAINT INCLUDING PAINT LAC
20180103106674,ICUU9152534,2,CHEMTREC 1 703 527 3887 II POLYESTER RESIN KIT
20180103106674,ICUU9152534,3,CHEMTREC 1 703 527 3887 III POLYESTER RESIN KIT
20180103106676,ICUU2140423,1,CCN13676 17035273887 II HYDROCHLORIC ACID
20180103106685,ICUU4153749,1,G II NITRATES INORGANIC N O
20180103106685,ICUU4153749,2,III ENVIRONMENTALLY HAZARDOUS
20180103106687,ICUU4154508,1,44 1484 538444 III ENVIRONMENTALLY HAZARDOUS
20180103106699,ICUU2143063,1,44 1484 538444 G II PYRETHROID PESTICIDE LIQ
20180103106705,ICUU4142446,1,III ENVIRONMENTALLY HAZARDOUS
20180103106717,CAIU8382318,1,44 1484 538444 III ENVIRONMENTALLY HAZARDOUS
20180103106723,ICUU4083338,1,III ENVIRONMENTALLY HAZARDOUS
20180103106736,BSIU2977320,1,III ENVIRONMENTALLY HAZARDOUS
20180103108175,UETU5339370,1,"HELIUM, COMPRESSED"
20180103108754,TCNU9811175,1,"VEHICLE, FLAMMABLE LIQUID"
20180103110901,UETU5339370,1,"SULPHURIC ACID, FUMING"
20180103110926,UETU5339370,1,"HELIUM, COMPRESSED"
20180103111183,UACU5644050,1,3
20180103111183,UACU5644050,2,3
20180103113384,HLBU1318135,1,3
20180103113384,HLBU1318135,2,2
2018010415155,CMAU5474481,1,2734
2018010429995,BSIU2226360,1,2
2018010434350,BMOU2673086,1,"SUBSTANCES, EXPLOSIVE, N.O.S."
2018010434675,EIMU2505303,1,"SUBSTANCES, EXPLOSIVE, N.O.S."
2018010437914,OOLU3030388,1,6.1
2018010449076,EXFU4414987,1,8
2018010449862,HLXU3531390,1,3
2018010449935,OOLU4518654,1,6.1
2018010453843,KOSU2212500,1,PERFUMERY PRODUCTS
2018010454715,EURU1540580,1,"TERPENE HYDROCARBONS, N O"
2018010455476,EURU1247588,1,"TERPENE HYDROCARBONS, N O"
2018010455520,TMLU9991341,1,OXYGEN REFRIGERATED LIQUID
2018010455521,TMLU9991254,1,OXYGEN REFRIGERATE
2018010456180,KOSU2212141,1,BATTERIES
2018010456386,GESU7301778,1,ARGON
2018010456386,GESU7301778,2,AGAFIESTA
2018010456386,GESU7301778,3,OXIDO NITROSO
2018010456386,GESU7301778,4,HELIO
2018010456386,GESU7301778,5,NITROGENO
2018010456695,HLBU1318135,1,3
2018010456695,HLBU1318135,2,2
201801051328,APZU4447737,1,2
201801051328,ECMU4405827,1,2
201801051328,APZU4348082,1,2
201801051328,APZU4643489,1,2
201801055248,HLXU3260148,1,2
201801055823,HASU1208504,1,2
2018010515070,SUDU8144092,1,2
2018010515555,HOYU8310256,1,3 8
2018010515556,TCVU2319438,1,3 8
2018010517948,NYKU3382288,1,6.1
2018010517948,TCKU1562889,1,6.1
2018010517960,NYKU3382288,1,6.1
2018010517960,TCKU1562889,1,6.1
2018010523073,SUDU1062726,1,2
2018010525879,NYKU3772774,1,6.1
2018010526146,TCLU2945452,1,6.1
2018010528732,HDMU4758304,1,3
2018010531912,NYKU2987470,2,3
2018010533967,OOLU1263328,1,4.3
2018010536496,NYKU9737364,1,(ATOMISED ALUMINIUM POWDER)
2018010538953,TCLU4223530,11,6.1
2018010538953,TCLU4223530,12,6.1
2018010538990,TCLU3272166,1,6.1
2018010538990,NYKU3411299,1,6.1
2018010538990,NYKU3695169,1,6.1
2018010538990,TCLU6890086,1,6.1
2018010539000,TCLU3272166,1,6.1
2018010539000,NYKU3411299,1,6.1
2018010539000,NYKU3695169,1,6.1
2018010539000,TCLU6890086,1,6.1
201801061498,HLXU8712723,1,2
201801061994,TEMU8768475,1,3
201801062286,BMOU6188617,1,3
201801062302,BMOU6188617,1,2
201801065815,OOLU1921922,1,6.1
201801065815,OOLU1921922,2,6.1
2018010610841,BSIU2642049,1,3
2018010611008,SUDU8144092,1,2
2018010613729,NYKU9877710,1,6.1
2018010613730,TCKU3754324,1,6.1
2018010613731,DRYU2558463,1,6.1
2018010613732,NYKU3187682,1,6.1
2018010613732,NYKU3187682,2,6.1
2018010613744,NYKU3698070,1,6.1
2018010613745,NYKU3415015,1,6.1
2018010617649,SUDU1062726,1,2
2018010626822,TCNU7526918,1,PERFUMERY PRODUCTS
201801087155,MSKU2861507,1,8
201801087155,MRKU7905606,1,8
201801087155,MSKU7754688,1,8
201801087155,MRKU8041592,1,8
201801087155,PONU0414623,1,8
201801087155,MSKU5147875,1,8
201801087155,PONU0549038,1,8
201801087155,GESU3695082,1,8
201801088864,OOLU1921922,1,6.1
201801088864,OOLU1921922,2,6.1
2018010817600,HLBU9022751,1,2
2018010817600,HLBU9022751,2,3
2018010817600,HLBU9022751,3,3
2018010819369,SEGU9114976,1,2
2018010819369,SEGU9114976,2,3
2018010821037,LNXU7556706,1,2
2018010821037,LNXU7556706,2,3
2018010821037,LNXU7556706,3,3
2018010821037,LNXU7556706,4,2
2018010822214,TCNU3078250,1,6.1
2018010823777,HLBU1374226,1,3
2018010823777,HLBU1374226,2,3
2018010823777,HLBU1374226,3,3
2018010823777,HLBU1374226,4,3
2018010823777,HLBU1374226,5,3
2018010823987,YMLU8577501,1,2
2018010825288,YMLU8596749,1,2
2018010825294,YMLU8596749,1,2
2018010825374,HLBU1526437,2,2
2018010828021,TCLU2541764,1,6.1
2018010833085,CXDU1612742,1,6.1
2018010833120,TRHU2100245,1,6.1
2018010834895,BOOU5960123,1,2
2018010834905,CRSU1448866,1,
2018010835364,TRHU3666406,1,3
2018010835811,CGNU4711322,1,2
2018010847014,MSKU5873857,1,2
2018010847517,BEAU4116418,1,3
2018010850958,TCLU1357182,2,6.1
2018010851310,ECMU4584893,1,2
2018010851310,XINU4025190,1,2
2018010851310,APZU4393862,1,2
2018010851310,ECMU4568146,1,2
2018010851310,CMAU8369237,1,2
2018010851440,MRKU9633683,1,HARDENER 9563
2018010852864,OOLU1784218,1,2.1 8
2018010852864,OOLU1784218,2,2.1
2018010859016,OOLU0885923,1,6.1
20180109229,TCKU3016064,1,3
2018010916380,SUDU8144092,1,2
2018010927460,SUDU1062726,1,2
2018010930399,CAIU2626119,1,1 703 527 3887 G II HYDROGEN PEROXIDE AQUEOU
2018010930520,ICUU9154033,1,CHEMTREC 1 703 527 3887 III ADHESIVES CONTAINING FLAMM
2018010930532,ICUU8140396,1,1 760 476 3962 II ADHESIVES CONTAINING FLAMMA
2018010930538,ICUU9612270,1,001 949 246 5632 II PERFUMERY PRODUCTS WITH FLA
2018010931077,ICUU9606555,1,II PERFUMERY PRODUCTS WITH FLA
2018010932131,HDMU4758304,1,3
2018010932734,BOOU5960123,1,2
2018010933610,TRHU3666406,1,3
2018010933826,CGNU4711322,1,2
2018010933969,ICUU9612136,1,CHEMTREC 1 703 527 3887 III ADHESIVES CONTAINING FLAMM
2018010934795,TCNU3434161,1,II PERFUMERY PRODUCTS WITH FLA
2018010935126,TCNU6104477,1,3
2018010936079,KOSU2208579,1,"ENGINE, INTERNAL COMBUSTION or"
2018010939191,ICUU4088371,1,III ENVIRONMENTALLY HAZARDOUS
2018010939192,ICUU4087797,1,III ENVIRONMENTALLY HAZARDOUS
2018010939197,CAIU4129240,1,III ENVIRONMENTALLY HAZARDOUS
2018010939201,TCNU4741028,1,III ENVIRONMENTALLY HAZARDOUS
2018010939201,TCNU7985856,1,III ENVIRONMENTALLY HAZARDOUS
2018010939201,ICUU9612199,1,III ENVIRONMENTALLY HAZARDOUS
2018010939201,ICUU9683891,1,III ENVIRONMENTALLY HAZARDOUS
2018010939201,TCNU7956647,1,III ENVIRONMENTALLY HAZARDOUS
2018010939204,ICUU4087610,1,III ENVIRONMENTALLY HAZARDOUS
2018010939207,ICUU4086949,1,III ENVIRONMENTALLY HAZARDOUS
2018010939228,ICUU9161325,1,1 877 986 4267 III ENVIRONMENTALLY HAZARDOUS
2018010939228,ICUU9163400,1,1 877 986 4267 III ENVIRONMENTALLY HAZARDOUS
2018010939229,ICUU9142897,1,III ENVIRONMENTALLY HAZARDOUS
2018010939229,CAIU8514271,1,III ENVIRONMENTALLY HAZARDOUS
2018010939229,CAIU8329226,1,III ENVIRONMENTALLY HAZARDOUS
2018010939232,ICUU4150441,1,CHEMTREC 1 703 527 3887 II BUTYL ACETATES
2018010939232,ICUU4150441,2,CHEMTREC 1 703 527 3887 III XYLENES SOLUTION
2018010939232,ICUU4150441,3,CHEMTREC 1 703 527 3887 III RESIN SOLUTION FLAMMABLE
2018010939232,ICUU4150441,4,CHEMTREC 1 703 527 3887 III FLAMMABLE LIQUID N O S
2018010939232,ICUU4150441,5,CHEMTREC 1 703 527 3887 III FLAMMABLE LIQUID N O S
2018010939232,ICUU4150441,6,CHEMTREC 1 703 527 3887 III FLAMMABLE LIQUID N O S
2018010939232,ICUU4150441,7,CHEMTREC 1 703 527 3887 III ENVIRONMENTALLY HAZARDOUS
2018010939240,BSIU2981309,1,CHEMTREC 1 703 527 3887 II CORROSIVE SOLID BASIC ORG
2018010939246,ICUU3131030,1,CHEMTREC 1 703 527 3887 III RESIN SOLUTION FLAMMABLE
2018010939253,BSIU2982202,1,CHEMTREC 1 703 527 3887 III ENVIRONMENTALLY HAZARDOUS
2018010939253,BSIU2982202,2,CHEMTREC 1 703 527 3887 III ENVIRONMENTALLY HAZARDOUS
2018010939258,ICUU2142241,1,CHEMTREC 1 703 527 3887 III FLAMMABLE LIQUID N O S N
2018010939258,ICUU2142241,2,CHEMTREC 1 703 527 3887 III ENVIRONMENTALLY HAZARDOUS
2018010939258,ICUU2142241,3,CHEMTREC 1 703 527 3887 III HYDROCARBONS LIQUID N O
2018010939262,CAIU3512430,1,CHEMTREC 1 703 527 3887 III ENVIRONMENTALLY HAZARDOUS
2018010939309,ICUU3130414,1,CHEMTREC 1 703 527 3887 III ENVIRONMENTALLY HAZARDOUS
2018010939666,ICUU9141273,1,II PERFUMERY PRODUCTS WITH FLA
2018010939676,CAIU8515909,1,II PERFUMERY PRODUCTS WITH FLA
2018010939683,TCNU5446979,1,II PERFUMERY PRODUCTS WITH FLA
2018010943764,OOLU8975392,1,6.1
2018010944650,MEDU8612962,1,3
2018010944935,BEAU4116418,1,3
2018010948858,TCLU1357182,2,6.1
2018010949255,BSIU2490706,1,2
2018010949430,HLXU3531390,1,3
2018010949681,BSIU2892691,1,CCN13676 17035273887 G II HYDROGEN PEROXIDE AQUEOU
2018010949698,ICUU2150099,1,II CORROSIVE LIQUID N O S 2
2018010949725,ICUU2150967,1,III ENVIRONMENTALLY HAZARDOUS
2018010949725,ICUU2150967,2,III ENVIRONMENTALLY HAZARDOUS
2018010949737,ICUU2140491,1,1 703 527 3887 II FLAMMABLE LIQUID N O S C
2018010949760,CAIU2837364,1,III ENVIRONMENTALLY HAZARDOUS
2018010949765,CAIU9376808,1,III PAINT INCLUDING PAINT LA
2018010951024,DFSU4388496,1,9
2018010951032,KKFU1680240,1,9
2018010952297,OOLU7360120,1,4.3
2018010952297,OOLU7360120,2,4.3
2018010952301,OOLU1798401,1,4.3
2018010959805,ICUU9151380,1,1 703 527 3887 II PERFUMERY PRODUCTS WITH FLA
2018010959805,ICUU9608455,1,1 703 527 3887 II PERFUMERY PRODUCTS WITH FLA
2018010969638,OOLU0245715,1,3
2018010971154,NFEU1500539,1,LIQUID NATURAL GAS RESIDUE
2018010971154,NFEU1500138,1,LIQUID NATURAL GAS RESIDUE
2018010971154,NFEU1500478,1,LIQUID NATURAL GAS RESIDUE
2018010971155,SMLU3115356,1,"ARGON, COMPRESSED"
2018010971155,SMLU3115356,2,CARBON DIOXIDE
2018010971155,SMLU3115356,3,"HELIUM, COMPRESSED"
2018010975393,CAXU8217450,1,2
2018010975643,FCIU2163901,1,"ENGINE, INTERNAL COMBUSTI"
2018010975644,KOSU4987919,1,"ENGINE, INTERNAL COMBUSTION or"
2018010976951,TASU5541069,1,"PETROLEUM GASES, LIQUEFIED"
2018010978643,TRLU9624751,1,3
201801101134,OOLU0318494,1,2
201801101226,NC,1,LABEL1:2.2
201801101227,NC,1,LABEL1:2.2
201801101371,MNBU0254328,1,MARINE POLLUTANT
201801101814,BMOU6279321,1,2
201801101814,TCNU3469342,1,2
201801101814,YMLU8558348,1,2
201801101814,BMOU6326892,1,2
201801101814,SEGU6386965,1,2
2018011020631,OOLU1111120,1,3
2018011021218,NYKU3420541,3,6.1
2018011025875,BOOU5960123,1,2
2018011026318,TRHU3666406,1,3
2018011026693,CGNU4711322,1,2
2018011027435,TCNU6104477,1,3
2018011033695,OOLU8975392,1,6.1
2018011034456,BEAU4116418,1,3
2018011035943,OOLU6882541,4,8
2018011036501,UESU2218237,1,2
2018011036859,OOLU0155294,1,6.1
2018011040658,BSIU2490706,1,2
2018011045413,TCLU1969552,1,8
2018011045413,SEGU2250179,1,8
2018011054613,EXFU0527270,1,8
2018011057737,KOSU4971044,1,ACID BATTERIES
2018011057763,KOSU4950123,1,ALCOHOLIC BEVERAGE WITH MORE T
2018011064325,BOCU0770210,1,"HELIUM, COMPRESSED"
2018011110124,HLBU9022751,1,2
2018011110124,HLBU9022751,2,3
2018011110124,HLBU9022751,3,3
2018011111346,SEGU9114976,1,2
2018011111346,SEGU9114976,2,3
2018011112537,LNXU7556706,1,2
2018011112537,LNXU7556706,2,3
2018011112537,LNXU7556706,3,3
2018011112537,LNXU7556706,4,2
2018011113305,OOLU2160181,1,8
2018011115408,HLBU1374226,1,3
2018011115408,HLBU1374226,2,3
2018011115408,HLBU1374226,3,3
2018011115408,HLBU1374226,4,3
2018011115408,HLBU1374226,5,3
2018011115782,YMLU8577501,1,2
2018011117199,YMLU8596749,1,2
2018011117205,YMLU8596749,1,2
2018011117351,HLBU1526437,2,2
2018011121255,HLCU3131480,1,HYDROGEN CHLORIDE
2018011132124,OOLU8082790,2,8
2018011136738,ICUU4151659,1,3
2018011137233,BMOU3009894,1,Packing code
2018011137233,HLXU1410824,1,Packing code
2018011137233,UACU8162730,1,Packing code
2018011137255,ICUU4151659,1,CHEMTREC 17035273887 III PAINT INCLUDING PAINT LA
2018011137255,ICUU4151659,2,CHEMTREC 17035273887 III PAINT RELATED MATERIAL IN
2018011144932,CAIU2627413,1,CHEMTREC 1 703 527 3887 II CYANURIC CHLORIDE
2018011144958,ICUU4087020,1,49 6201 708503 G I MAGNESIUM PHOSPHIDE
2018011144978,BSIU2905870,1,1 336 632 7745 III ENVIRONMENTALLY HAZARDOUS
2018011144980,ICUU8150305,1,CHEMTREC 1 202 483 7617 G II SELENIUM COMPOUND LIQUID
2018011144992,CAIU9577926,1,1 352 323 3500 III ENVIRONMENTALLY HAZARDOUS
2018011144995,ICUU4081696,1,1 336 632 7745 III ENVIRONMENTALLY HAZARDOUS
2018011144996,ICUU4860443,1,1 336 632 7745 III ENVIRONMENTALLY HAZARDOUS
2018011144997,ICUU4141460,1,1 336 632 7745 III ENVIRONMENTALLY HAZARDOUS
2018011144998,ICUU4085686,1,1 336 632 7745 III ENVIRONMENTALLY HAZARDOUS
2018011145008,ICUU4087009,1,1 336 632 7745 G III PESTICIDE SOLID TOXIC
2018011145009,ICUU4152681,1,1 336 632 7745 III ENVIRONMENTALLY HAZARDOUS
2018011145013,ICUU4087436,1,1 336 632 7745 G III PESTICIDE SOLID TOXIC
2018011145033,ICUU2140568,1,1 336 632 7745 III ENVIRONMENTALLY HAZARDOUS
2018011145033,ICUU2151367,1,1 336 632 7745 III ENVIRONMENTALLY HAZARDOUS
2018011145070,ICUU4086830,1,III AMINES SOLID CORROSIVE
2018011145073,ICUU4140150,1,III AMINES SOLID CORROSIVE
2018011145076,ICUU4141666,1,CHEMTREC 1 703 527 3887 III AMINES SOLID CORROSIVE
2018011145078,ICUU8370573,1,CHEMTREC 1 703 527 3887 III AMINES SOLID CORROSIVE
2018011145079,ICUU4083370,1,CHEMTREC 1 703 527 3887 III AMINES SOLID CORROSIVE
2018011145080,ICUU4083180,1,CHEMTREC 1 703 527 3887 III AMINES SOLID CORROSIVE
2018011145081,ICUU4080215,1,CHEMTREC 1 703 527 3887 III AMINES SOLID CORROSIVE
2018011145082,ICUU4081886,1,III AMINES SOLID CORROSIVE
2018011145084,ICUU4152866,1,1 336 632 7745 G III PESTICIDE SOLID TOXIC
2018011145086,FCIU8760925,1,18004249300 II COATING SOLUTION INCLUDES
2018011145086,FCIU8760925,2,18004249300 III ETHANOL SOLUTION
2018011145086,FCIU8760925,3,18004249300 II PAINT INCLUDING PAINT LAC
2018011145126,ICUU9607037,1,II ADHESIVES CONTAINING FLAMMA
2018011145137,ICUU9140600,1,AMERILECITH 012032311299 III FLAMMABLE LIQUID N O S
2018011145147,CAIU9577926,1,CHEMTREC 1 703 527 3887 III FLAMMABLE LIQUID N O S
2018011145171,ICUU4085773,1,1 856 384 7050 III FLAMMABLE LIQUID N O S
2018011145171,ICUU4085773,2,1 856 384 7050 III FLAMMABLE LIQUID N O S
2018011145171,ICUU4085773,3,1 856 384 7050 III ENVIRONMENTALLY HAZARDOUS
2018011145171,ICUU4085773,4,1 856 384 7050 III ENVIRONMENTALLY HAZARDOUS
2018011145171,ICUU4085773,5,1 856 384 7050 III ENVIRONMENTALLY HAZARDOUS
2018011145171,ICUU4085773,6,1 856 384 7050 III ENVIRONMENTALLY HAZARDOUS
2018011145171,ICUU4085773,7,1 856 384 7050 III ENVIRONMENTALLY HAZARDOUS
2018011145173,CAIU2835546,1,III CORROSIVE LIQUID ACIDIC
2018011145184,ICUU2141749,1,CHEMTREC 1 703 527 3887 III RESIN SOLUTION FLAMMABLE
2018011145196,ICUU4140572,1,III ENVIRONMENTALLY HAZARDOUS
2018011145208,ICUU4141239,1,CHEMTREC 1 703 527 3887 III ENVIRONMENTALLY HAZARDOUS
2018011145235,ICUU2151109,1,G III CADMIUM COMPOUND CADMIU
2018011145236,BSIU2985583,1,CHEMTREC 1 703 527 3887 III ENVIRONMENTALLY HAZARDOUS
2018011148238,CAIU8478019,1,II HEPTANES
2018011148238,CAIU8478019,2,III ENVIRONMENTALLY HAZARDOUS
2018011152256,TSLU4002269,1,BATTERIES
2018011153028,SEGU5287042,1,TERPENE HYDROCARBONS
2018011153142,IDTU1240684,1,"TERPENE HYDROCARBONS, N O"
2018011153143,IDTU1240468,1,"TERPENE HYDROCARBONS, N O"
201801129184,CLHU3098171,1,2
2018011211056,SUDU8198355,1,2
2018011211076,HDMU2790797,1,3
2018011211362,NYKU3319900,1,3
2018011213900,KKTU8194498,1,8
2018011213900,KKTU7848819,1,8
2018011217456,TGHU4851367,1,2
2018011217458,TCKU3685901,1,2
2018011217459,TCKU3685901,1,2
2018011223051,NYKU3618795,1,8
2018011223051,FCIU4538864,1,8
2018011229150,SEGU9421864,1,3
2018011229150,SEGU9421864,2,3
2018011229150,SEGU9421864,3,3
2018011229557,DRYU4110924,1,3
2018011233617,BMOU6734554,1,1479
2018011235449,HLBU9026762,2,3
2018011235449,HLBU9026762,3,2
2018011240677,CRXU0929283,10,Packing code II
2018011240812,UAEU1243376,1,2
2018011240921,TEMU7448369,1,Packing code III
2018011240929,TEMU7448369,1,Packing code II
2018011240931,TEMU7448369,1,Packing code II
2018011241146,BSIU2490706,1,2
2018011241231,HLXU8778720,1,2
2018011241394,APZU3464513,1,Packing code
2018011241396,APZU3464513,3,Packing code III
2018011243271,HLBU9089755,1,2
2018011244644,UACU4772144,1,2
2018011258854,OOLU0259405,1,4.3
2018011258854,OOLU1758820,1,4.3
2018011263062,OOLU1541990,1,6.1
2018011265355,TCLU7557260,1,6.1